{
  "project_info": {
    "project_number": "574587670625",
    "firebase_url": "https://topgym-59024.firebaseio.com",
    "project_id": "topgym-59024",
    "storage_bucket": "topgym-59024.appspot.com"
  },
  "client": [
    {
      "client_info": {
        "mobilesdk_app_id": "1:574587670625:android:778644f882212981b85a20",
        "android_client_info": {
          "package_name": "com.example.gym"
        }
      },
      "oauth_client": [
        {
          "client_id": "574587670625-hifc577tiucvah7s6igffria8u91tu6r.apps.googleusercontent.com",
          "client_type": 1,
          "android_info": {
            "package_name": "com.example.gym",
            "certificate_hash": "a6061f456e99798c5c44f91dfce2aeed44818746"
          }
        },
        {
          "client_id": "574587670625-qjfm8k0gcglab946k368rad482etau1s.apps.googleusercontent.com",
          "client_type": 3
        }
      ],
      "api_key": [
        {
          "current_key": "AIzaSyCMKZ9yeiZiks97zcCFtIN2XKRRfR13xSQ"
        }
      ],
      "services": {
        "appinvite_service": {
          "other_platform_oauth_client": [
            {
              "client_id": "574587670625-qjfm8k0gcglab946k368rad482etau1s.apps.googleusercontent.com",
              "client_type": 3
            }
          ]
        }
      }
    }
  ],
  "configuration_version": "1"
}